id;name;created_at;email
1;Assistant;2023-12-05;Efren_Kling22@yahoo.com
2;payment;2023-12-05;Benny88@hotmail.com
3;pricing;2023-12-04;Ramon41@yahoo.com
4;Implementation Consultant Kong;2023-12-04;Quinn.McGlynn52@gmail.com
5;dedicated;2023-12-04;Marisa.Schmeler92@hotmail.com
6;online;2023-12-05;Werner23@hotmail.com
7;copying Handcrafted Ergonomic;2023-12-05;Jackeline_Schaden@yahoo.com
8;copying;2023-12-04;Kellie.Spencer@hotmail.com
9;digital Compatible Small;2023-12-04;Maxwell_Ernser@gmail.com
10;Dollar calculate Chair;2023-12-04;Owen_Hyatt@gmail.com
